1eo8_HL,QVQLQQSGAELMKPGPSVKISCKATGYSFSTYFIEWIRQRPGHGLEWIGEILPGSDNTNFNEKFKDRATFTADTPSNTAYMQLSSLTSEDSAVYYCARPTGRLWFSYWGQGTLVTVSA,QIILTQSPAIMSASPGEKVTMTCSASSDISYMHWYQQKSDTSPKIWIYDTSKLASGVPARFSGSGSGTSYSLTISTMEAEDAATYYCHQRSSYPTFGGGTKLEIK
1ken_HL,DVHLQESGPGLVKPSQSLSLTCYVTGYSITSGYYWTWIRQFPGNKLEWMGYISYDGSNNYNPSLKNRISITRDTSKNQFFLKLNSVTAEDTASYYCAAFYYDYDFFFDYWGQGTTLTVSS,QIVLTQSPAIMSASPGEKVTLTCSASSTITSSFLYWYQQKPGSSPKLWIYSTSNLASGVPARFSGSGSGTSYSLTISSLEAEDGASYFCHQWETFPRTFGGGTKLEIK
1qfu_HL,QVQLQQPGAELVRPGASVKLSCKASGYTLTTYWMNWFKQRPDQGLEWIGRIDPYDSETHYNQKFKDKAILTVDRSSSTAYMQLSSLTSEDSAVYYCTRFLQITTIIYGMDYWGQGTSVTVSS,DVVMTQTPLSLPVSLGDQASISCRSSQTLVHSNGNTYLHWYLQKPGQSPKLLIYKVSNRFSGVPDRFSGSGSGTDFTLKISRVEAEDLGVYFCSQNTHVPYTFGGGTKLEIK
2vir_HL,QVQLKESGPGLVAPSQSLSITCTVSGFLLISNGVHWVRQPPGKGLEWLGVIWAGGNTNYNSALMSRVSISKDNSKSQVFLKMKSLQTDDTAMYYCARDFYDYDVFYYAMDYWGQGTSVTVSS,QAVVTQESALTTSPGETVTLTCRSSTGAVTTSNYANWVQEKPDHLFTGLIGGTNNRAPGVPARFSGSLIGDKAALTITGAQTEDEAIYFCALWYSNHWVFGGGTKLTVL
3lzf_HL,EVQLVESGPALVKPTQTLTLTCSFSGFSLSTSGMSVSWIRQPPGKALEWLALIDWDDDTYYITYSSSLKTRLTISKDTSKSQVVLTMTNMDPVDTATYYCARTLRVSGDYVRDFDLWGRGTLVTVSS,PVLTQPPSASGTPGQRVTISCSGSSSNIGSNTVSWYQQVPGTAPKLLIYGNNERPSGVPDRFSGSKSATSASLAISGLQSEDEADYYCAAWDDSLNGFWVFGGGTKLTVL
3sdy_HL,QVQLQQSGAEVKTPGASVKVSCKASGYTFTSFGVSWIRQAPGQGLEWIGWISAYNGDTYYAQKFQARVTMTTDTSTTTAYMEMRSLRSDDTAVYYCAREPPLFYSSWSLDNWGQGTLVTVSS,EIVMTQSPGTLSLSPGERATLSCRASQSVSMNYLAWFQQKPGQAPRLLIYGASRRATGIPDRISGSGSGTDFTLTISRLEPADFAVYYCQQYGTSPRTFGQGAKVEIK
3whe_HL,QVQLVQSGAEVKKPGASVTVSCQVSGYTLTSYGLSWVRQAPGQGLEWVGWINTYDGQTKYVKKFQGRVTMTTHTGTNTAYMEMKSLRSDDTAVYYCARVEGVRGVMGFHYYPMDVWGQGTMVTVSS,SVLTQPPSVSGAPGQRVTISCTGSSSNIGAGYAVHWYQQLPGTAPKLLISGNSNRPSGVPDRFSGSKSGTSASLAITGLQAEDEADYYCQSYDSSLSGSVFGGGTKLTVL
3ztn_HL,QVQLVESGGGVVQPGRSLRLSCAASGFTFSTYAMHWVRQAPGKGLEWVAVISYDANYKYYADSVKGRFTISRDNSKNTLYLQMNSLRAEDTAVYYCAKDSQLRSLLYFEWLSQGYFDYWGQGTLVTVSS,DIVMTQSPDSLAVSLGERATINCKSSQSVTFNYKNYLAWYQQKPGQPPKLLIYWASTRESGVPDRFSGSGSGTDFTLTISSLQAEDVAVYYCQQHYRTPPTFGQGTKVEIK
4f15_HL,VKLQESGAVVQPGGSLRLSCAASGFTGSDYDMSWIRQAPGKGLEWVSGILGGSERSYYRDSVKGRSTISRDNSRKTLYLEMNSLRAEDTAVYYCARHSWGGWGQGTTVTVSS,IQMTQSPASLAVSPGQRATITCRASESVSNFINWFQQKPGQPPKLLIYTASNKGTGVPARFSGSGSGTDFTLTINPVEAEDTANYFCQQTKEVPYGTFGGTKLEIK
4fqi_HL,QVQLVQSGAEVKKPGSSVKVSCKSSGGTSNNYAISWVRQAPGQGLDWMGGISPIFGSTAYAQKFQGRVTISADIFSNTAYMELNSLTSEDTAVYFCARHGNYYYYSGMDVWGQGTTVTVSS,QSALTQPPAVSGTPGQRVTISCSGSDSNIGRRSVNWYQQFPGTAPKLLIYSNDQRPSVVPDRFSGSKSGTSASLAISGLQSEDEAEYYCAAWDDSLKGAVFGGGTQLTVL
4fqr_HL,EVQLQESGGGLVQPGESLRLSCVGSGSSFGESTLSYYAVSWVRQAPGKGLEWLSIINAGGGDIDYADSVEGRFTISRDNSKETLYLQMTNLRVEDTGVYYCAKHMSMQQVVSAGWERADLVGDAFDVWGQGTMVTVSS,DIQLTQSPSSLSASVGDRVTLTCQASQDIRKFLNWYQQKPGKGPKLLIYDASNLQRGVPSRFSGGGSGTDFTLIISSLQPEDVGTYYCQQYDGLPFTFGGGTKVVIK
4gms_HL,QVQLQQSGTELKKPGASVKISCKATGYTFSSYWIEWIKQRPGHGLEWIGEILPEIGMTNYNENFKGKATFTANTSSNTVYMQLSSLTSEDSAVYYCARPYDYSWFAYWGQGTLVTVSA,DIVMTQSQKFMSTSVGDRVSVTCKASQNVDTNVAWYQEKPGQSPKTLIYSASNRYSGVPDRFTGSASGTDFTLTITNVQSEDLAEYFCQQYNSYPYTFGGGTKLEIK
4gxu_HL,EVQLVQSGGGVVQPRRSLRLSCAASGFTFSSYAMHWVRQAPGKGLEWVAVISYDGRNKYYADSVKGRFTVSRDNSKNTLYLQMNSLRAEDTSVYYCARELLMDYYDHIGYSPGPTWGQGTLVTVSS,QPVLTQPPSASGSPGQRVTISCSGSSSNIGSYTVNWYQQLPGTAPKLLIYSLNQRPSGVPDRFSGSKSGTSASLAISGLQSEDEAVYYCAAWDDSLSAHVVFGGGTKLTVL
4hf5_HL,EVQLVESGGGVVQPGRSLRLSCAASGFMFSSYVMHWVRQPPGKGLEWVAVIWYDGSKTYFADSMRGRLTVSRDNSKNALYLQMNRLRAEDTAVYYCARQQDSGYSGPEVSYYSHYGMDVWGQGTMVTVSS,QSVLTQSPSASGTPGQAITISCSGSSSNIGSNPVNWYQQLPGAAPKLLIYADEHRPSGVPDRFSGSKSGTSASLAISGLQSEDEADYYCAAWDDSLSGPAVVFGGGTKLTVL
4hfu_HL,EVQLVESGADMKPPGSSVKVPCKASGDTFSSYTITWVRQAPGQGLEWMGGITPIFGSPNYAQRFQDRVIITADESTSTAYMEVSNLRSEDTAVYFCARVGGEWGSGRYYLDHWGQGTLVTVSS,DIQLTQSPASLSVSPGERATLSCRASQSVAGNLAWYQQKPGQAPRLLIYGASTRATGIPARFSGSGSGTEFTLTITSLQSEDFAVYYCQQYNNWPPWTFGQGTKVDIK
4hg4_HL,EVQLVESGAEVKKPGSSVKVSCKASGGTFITHVFTWVRQAPGQGLEWVGGFIAIFGTSNYAQKFQGRVTITADESTSTAYMELTSLTSEDTAVYYCARGISGSYGWFDPWGQGTLVTVSS,DIQLTQSPSSLSASVGDRVTITCQASQDIRKYLNWYQQKPGKAPNLLIYDASNVKTGVPSRFRGSGSGTDFTFTISSLQPEDIATYYCQQYDNLPITFGQGTRLEIK
4hkx_HL,QVQLVQSGAEVRKPGASVKVSCKASGYTFTDNYIHWVRQAPGQGLEWMGWIHPNSGATKYAQKFEGWVTMTRDTSISTVYMELSRSRSDDTAVYYCARAGLEPRSVDYYFYGLDVWGQGTAVTVSS,QSALTQPPSVSVAPGQTATITCGGNNIGRKRVDWFQQKPGQAPVLVVYEDSDRPSGIPERFSDSNSGTTATLTISRVEAGDEADYYCQVWDSDSDHVVFGGGTKLTVL
4hlz_HL,EVKLVESGGGLVQPGGSLRLSCGTSGFTLTDDYMTWVRQPPGKALEWLGFIRDRANGYTTEYSASVKGRFTISRDNSQSIVYLQMNTLRVEDSATYYCARPKGYFPYAMDYWGQGTSVIVSS,DIQMTQSPASQSASLGESVTITCLASQTIGTWLAWYQQKPGKSPQLLIYAATSLADGVPSRFSGSGSGTKFSFKISSLQAEDFVSYYCQQLYSTPWTFGGGTRLEIK
4kvn_HL,EVQLVESGGGVVQPGKSPRLSCAASGSSYAVHWVRQAPGKGLEWVTLISYDGANQYYADSVKGRFTISRDNSKNTVYLQMNSLRPEDTAVYYCAVPGPVFGIFPPWSYFDNWGQGILVTVSS,DIVLTQSPATLSVSPGERATLSCRASQVISHNLAWYQQKPGQAPRLLIYGASTRASGIPARFSGSGSGTDYTLTITSLQPEDFAVYYCQHYSNWPPRLTFGGGTKVEIK
4lvh_HL,EVKLQQSGGGVVQPGGSLRLSCAASGFTFSDYDMSWIRQAPGKGLEWVSGILGGSERSYYRDSVKGRFTISRDNSRKTLYLQMNSLRAEDTAVYYCARHGSPGYTLYAWDYWGQGTMVTVSS,IQMTQSPASLAVSPGQRATITCRASESVSNYGINFINWFQQKPGQPPKLLIYTASNKGTGVPARFSGSGSGTDFTLTINPVEAEDTANYFCQQTKEVPYTFGGGTKLEIK
4m5z_HL,EVQLVESGPGLVKPSDILSLTCAVSGYSISSNYYWGWIRQPPGKGLEWIGSIYHSGSTYYKPSLESRLGISVDTSKNQFSLKLSFVSAADTAVYYCARHVRSGYPDTAYYFDKWGQGTLVTVSS,SYVLTQPPSVSVAPGETARISCGGNNIGTKVLHWYQQTPGQAPVLVVYDDSDRPSGIPERFSGSNSGNTATLTISRVEVGDEADYYCQVWDISTDQAVFGGGTKLTVL
4mhh_HL,EVHLQQSGPELVKPGASVKMSCKTSGYTFTEYTIHWMKQSHGKSLEWIGGIFPNNGDTTYNQKFKVRATLTVGRSSSTAYMDLRSLTSEDSAVYYCVRNYGSSYGYFDVWGAGTTVTVSS,DIVLTQSPGSLTVSLGQRATISCRASESVDNFGKSFMHWYQQKPGQSPKLLIYRASNREFGIPARFNGSGSGTDFALTINPVEADDVATYFCQQSNEDPRTFGGGTKLEIK
4nm8_HL,QVQLVQSGAEVKKPGASVKLSCKASGYTFTAYSMHWVRQAPGQSLEWLGWINTAIGNTQYSQKFQDRVTITRDTSARTSYMELSSLRSGDTAVYFCARGASWDARGWSGYWGKGTLVTVSS,DIQMTQSPDSLAVSLGERATINCKSSQSVFSSSTNKNYLAWYQQKPGQPPKVLIYWSSTRESGVPDRFSASGSGTDFTLTISSLQAADVAVYYCHQYYTAPWTFGQGTKVEIK
4o58_HL,EVQLVESGAEVKKPGSSVKVSCRASGTFYKYAINWVRQAPGQGLEWMGGIIPFFGTTNYAQKFQGRLTITADGSTNTAYMQLDSLRSEDTAVYYCAGPSITESHYCLDCAAKDYYYGLDVWGQGTTVTVSS,QSVLTQPPSASGTPGQSVTISCSGSRSNIGGNTVNWYQHLPGMAPKLLIYSSNQRSSGVPDRFSGSKSGTSASLAISGLQSEDDADYYCASWDDSLNGVVFGGGTKLTVL
4py8_HL,QVQLVQSGGGVVQPGRSLRLSCAASEFTFRMYATHWVRQAPGKGLEWVALISYDGSNKYYADSVKGRFTISRDNSMNTVYLQMNTLRPEDTAVYYCARDLGGYFIRGIMDVWGQGTLVTVSS,ELQMTQSPSSVSASVGDRVTITCRASQGISSWLAWYQQKPGKAPKLLIYAASSLQSGVPSRFSGSGSGTDFTLTISSLQPEDFATYYCQQANSFPLTFGGGTKVEIK
4r8w_HL,QVQLVQSGAEVKKPGASVKVSCKTSGYSFSTYGVSWVRQAPGQGPEWVGWISAYTGITDYAQKFQGRVTLTTDATTATAFLDLRSLRPDDTATYFCARDKVQGRVEVGSGGRHDYWGQGTLVIVSS,EVVLTQSPGTLALPPGERATLSCRASHRVGSTYIAWYQQKSGQAPRRLIYGASNRATDIPDRFSGSGSGTDFTLTIRRLEPEDSAVYYCQQFSVSPWTFGQGTRVEIK
4xnm_HL,QVQLQESGPGLVKPSGTVSLTCAVSGGSISSSYWWSWVRQPPGKGLEWIGEIYHSGNTNYNPSLKSRVTISVDKSKNLFSLKLSSVTAADTAVYYCARVALFDILTGGWFDPWGQGTLVTVSS,YELTQPPSVSVSPGQTVNITCSGDTLGDKYVCWYQQKPGQSPVLVIYQDTKRPSGIPERFSGSNSGDTATLTVSGTQAMDEADYYCQAWDSSSFVFGTGTKVTVL
4yk4_HL,QVQLQESGPGLVKPSETLSLTCTVSGGSISSYYWSWIRQPPGKGLEWIGYIYYSGSTDYNPSLKSRVTISVDTSKNQFSLKLSSVTAADTAVYYCARRRSDFETVDFIYHYMDVWGKGTTVTVSS,DIQMTQSPSSLSASVGDRVTITCRASQSISSYLNWYQQKPGKAPKLLIYAASSLQSGVPSRFSGSGSGTDFTLTISSLQPEDFATYYCQQSYSIPLTFGQGTRLEIK
5a3i_HL,EVQLVQSGAEVKKPGESLKISCKGSGYSFSDYWIGWVRQMPGEGLEWMGIIYPASSEIRYSPSFQGLVTISRDKSINTASLQWSSLKASDTAIYYCARHASCSARSCYWGPVDYWGQGTLVTVSS,DIVMTQSPLSLPVSPGEPASISCRSSQSLLHGNGYNYLDWYLQKPGQSPRLLIYLGSNRASGVPDRFSGSGSGTDFTLKISRVEAEDVGVYYCMQALQTPLTFGGGTKVEIK
5c0s_HL,EVQLVESGAEVKKPGSSVKVSCKASGGPFRSYAISWVRQAPGQGPEWMGGIIPIFGTTKYAPKFQGRVTITADDFAGTVYMELSSLRSEDTAMYYCAKHMGYQVRETMDVWGKGTTVTVSS,QSVLTQPPSVSAAPGQKVTISCSGSSSNIGNDYVSWYQQLPGTAPKLLIYDNNKRPSGIPDRFSGSKSGTSATLGITGLQTGDEANYYCATWDRRPTAYVVFGGGTKLTVL
5dum_HL,QVQLVQSGAEVKKPGESLRISCKGFAYSSTYFWISWVRQMPGKGLEWMGRIDPTDSYINYSPSFQGHVTISVDRSISTVYLQWSSLKASDTAMYYCAYHRRGHFYGSGSAWDWFESWGQGTLVTVSS,QIVLTQSPLTLSVSPGERATLSCRASQSVSSNLAWYQQMPGQAPRLLIYGASTRATGIPARLSGSASGTEFTLTISSLQSEDFAVYYCQQYNNWPYTFGQGTKLEIK
5dup_HL,EVQLLESGGGLVQPGGSLRVSCTNSGFTFSNYAMSWVRQAPGKGLEWVSAISGTYYADSVKGRFTISRDNSKNTMYLQMNSLRAEDTAVYYCVRDDSYDGGGHYGLHNWFDSWGQGTLVTVSS,SVLTQPPSVSGAPGQRVTISCTGSSSNIGAGYDVHWYQQLPGTAPKLLIYGNSNRPSGVPDRFSGSKSGTSASLAITGLQAEDEADYYCQSYDSSVVVFGGGTKLEIK
5dur_HL,QLQLQESGLGLVKPSETLSLTCTVSGDSVSSGSYYWSWLRQPPGKGLEWIGNMHGSGHTNYNPSLKSRVTITPDTSKNHFSLRLSSVTAADTAVYYCARALLTTVTTFEYWGQGTLVTVSS,ALTQPPSVSGAPGQRVTIPCTGGSSNIGAGYSVHWYQQLPGTAPKLLIYGSNSRPSGVPDRFSGSKSGTSASLAITGLRPEDEADYYCQSYDSSLSGSQVFGAGTRVTVL
5f45_HL,QVQLVQSGGGLVQPGGSLRLSCAASGFNFSSYEMNWVRQAPGKGLEWVSYISSSGSTIYYADSVKGRFTISRDNAKNSLYLQMNSLRAEDTAVYYCRLLWFGELFFDYWGQGTLVTVSS,DIVMTQSPDSLAVSLGERATINCKSSQSVLYSSNNKNYLAWYQQKPGQPPKLLIYWASTRESGVPDRFSGSGSGTDFTLTISSLQAEDVAVYYCQQYYSTPGLTFGGGTKVEIK
5gjs_HL,QVQLQESGPGLVKPSETLSLTCSVSGASISSYYWIWIRQPAKGLEWIGRFYTSGSPNYNPSLRSRVTMSVDTSKNQFSLKLTSVTAADTAVYYCAREEHITFGGVIVRYWGQGTLVTVSP,DIQMTQSPATLSASVGDRVSITCRASQSISSWLAWYQQKPGKAPKLLIYKASSLESGVPSRFSGSGSGSEFTLTISSLQPDDFAIYYCQQYNSYPWTFGQGTKVEIK
5ibl_HL,EVQLVQSGAEVKKPGESLTISCKGSGYSFSSYWIGWVRRMPGKGLEWMGIINPRDSDTRYSPSFQGQVTISADKSISTAYLQWSSLKASDTAMYYCARVVADREGFGYYYGMDVWGQGTTVTVSS,EIVLTQSPGTLSLSPGEGATLSCRASQSVDSSSLAWYQQKPGQAPRLLIFAGSSRATGIPDRFSGKTSGTDFTLTISRLEPEDFAVYYCQQCGNSPWTFGQGTKVEIK
5jw4_HL,QVQLQQSGPGLVKPSQTLSLTCAISGDSVSSYNAVWNWIRQSPSRGLEWLGRTYYRSGWYNDYAESVKSRITINPDTSKNQFSLQLNSVTPEDTAVYYCARSGHITVFGVNVDAFDMWGQGTMVTVSS,DIVMTQSPSSLSASVGDRVTITCRTSQSLSSYTHWYQQKPGKAPKLLIYAASSRGSGVPSRFSGSGSGTDFTLTISSLQPEDFATYYCQQSRTFGQGTKVEIK
5k9k_HL,QVQLQQSGPGLVKPSQTLSLTCVISGDTVSSNRAAWNWIRQSPSRGLEWLGRTYYRSKWYTDYAVSVKSRITITPDTSKNQFSLQMKSVTPEDTAVYYCARGSAMIFGIVIILESWGQGTLVTVSS,EIVLTQSPGTLSLSPGERATLSCRASQSVASSYLAWYQQKPGQAPRLLIYGASSRATGVPDRFSGSGSGTDFILTISRLEPEDFAVYYCQQYDGSQYTFGQGTKLEIK
5k9o_HL,QVQLVQSGAEVKKPGASVKVSCKASGYSFSSYGISWVRQAPGQGLEWMGWISAYNGNTNYAQKLQGRVTMTTDTSTSTAYMELRSLRSDDTAVFYCARDRPHILTGFDFDYWGQGTLVTVSS,DVVMTQSPVSLPVTLGQPASISCRSSQGLVYIDGNTYLNWFQQRPGQSPRRLIYNVFTRDSGVPDRFSGSGSGTDFTLKITTVEAEDVGVYYCMQGTHWPYTFGQGTKVEIK
5k9q_HL,QVQLVQSGPEVKKPGASVKVSCKASGYSFSRYGISWVRQAPGQGLEWLGWISGYTGNTNYAQKFQGRVTMTTDTSTSTASMELRSLRSDDTAVYYCARDKKQGEVVLPAASFRWFAPWGQGTLVTVSS,DIQMTQSPVSLSASVGDRVTITCRASQSIGKFLNWYQQKPGRAPKLLIYYASNLETGGPSRFSGRGSETEFSLTISSLQPEDFATYYCQQSNNVPHTFGQGTKLEIK
5kan_HL,QVQLAQSENELKKPGASVKVSCKTSGYTFTRFGMSWVRQAPGQGLEWMGWISGYTGDTKYARSFQGRLTLTTDTSTGTAYMELRSLRSDDTAIYYCVRNRVQMEVSPATQSTWYMDLWGRGTLVSVSS,DIQMTQVPVSLSAFVGDRVSITCRASQDISRWLAWYQQKPGRAPKLLIYAASSLQGGVPSRFRGSGSGTEFTLTISGLQPEDFATYYCQQGSTFPYTSVLGTILGIPGTVA
5kaq_HL,EVQLLESGGGLVQPGESLRVSCAASGFTFRDSALSWVRQAPGKGLEWVSAISGNGGATYYADTVKGRFTISRDNSQTTLYLQMNSLRADDTATYYCAKDESPPIYNLMPGYYSTYYYMDVWGKGTTVTVSS,EIVMTQSPVTLSVSPGETATLSCRASQSVRSNLAWYQQKPGQAPRLLIYGASTRATDIPARFSGSGSGTEFTLSISSLQSDDFAVYYCQQYNHWLRTFGQGTKLEIK
5ug0_HL,EVQLVESGGGLVQPGGSLRLSCAASGFTFNIYDMHWVRQAPGKGLEWVSSITTAGDTYYPGSVKGRFTTSRENAKNSLYLQMNSLRAGDTGVYYCTRGVREVGATGDDPFYYGMYVWGQGTTVTVSG,EIVLTQSPGTLSLSPGEKATLSCRASQSVSSYYLGWYQQKPGQAPRLLIYETSRRATGIPDRFSGSGSGTDFTLTISGLEPEDFAVYYCQHYGVSPVITFGGGTKVEIK
5ugy_HL,EVQLVQSGAEVKKPGASVKVSCKASGYTFTDYHINWVRQAPGQGLEWMGWIHPNSGDTNYAQKFQGWVTMTRDTAISTAYMEVNGLKSDDTAVYYCARGGLEPRSVDYYYYGMDVWGQGTTVTVSS,QSVLTQPPSVSVAPGQTARITCGGNDIGRKSVHWNQQKPGQAPVLVVCYDSDRPSGIPERFSGSNSGNTATLTISRVEAGDEADYYCQVWDSSSDHVIFGGGTKLTVL
5vag_HL,VQLVQSGAEVKKPGSSVKVSCKASGGTFSSYAISWVRQAPGQGLEWMGGIIPIFGTANYAQKFQGRVTITADESTSTAYMELSSLRSEDTAVYYCARDPSFWAAEYFQHWGQGTLVTVSS,DIQLTQSPSSLSASVGDRVTITCRASQSISSYLNWYQQKPGKAPKLLIYAASSLQSGVPSRFSGSGSGTDFTLTISSLQPEDFATYYCQQSYSTPRTFGQGTKVEIK
5w08_HL,EVQLVQSGAEVKKPGASVKVSCKTSGYTFTAYYLHWVRQAPGQGFEWMAWINPNTGDTNYAQKFQGRVTLSRDTSITTAYMELTRLRSDDTAVYYCAKDLTLMYVFDSGWARGAHDYYGMDVWGQGTTVAVSG,PSALTQPASVSGSPGQSVTISCTGTNSDVGTFDLVSWYQQYPGKAPKLIIYEGSRRPSGVSDRFSGSKSGNTASLTISGLQAEDEADYYCSSYAGSVVFGGGTKLTVL
5w0d_HL,QVQLVQSGAEVKKPGASVKVSCKASGYTFTGYYMHWVRQAPGQGLEWMGWINPNSGGTNYAQKFQGRVTMTRDTSISTAYMELSRLRSDDTAVYYCARDLTLMYVHSSGWERGVYYYYGMDVWGQGTTVTVSG,QSALTQPASVSGSPGQSITISCTGNLVSWYQQHPGKAPKLMIYEGSKRPSGVSNRFSGSKSGNTASLTISGLQAEDEADYYCCSYAGSVVFGGGTKLTVL
5w42_HL,QVQLVQSGAEVKKPGSSVRVSCKASGDTFSSYSITWVRQAPGHGLQWMGGIFPIFGSTNYAQKFDDRLTITTDDSSRTVYMELTSLRLEDTAVYYCARGASKVEPAAPAYSDAFDMWGQGTLVTVSS,DIVMTQSPGTLSLSPGERATLSCRTSQGVSSSYLAWYQQKPGQAPRLLISGSSSRATGIPDRFSGSGSGRDFTLTISRLEPEDSAVYYCQQYATSPTFGQGTRVEIK
5w6g_HL,QVQLQESGPGLVKTSETLSLTCTVSGGSIKNKDFFWAWIRQPPGKALEWIGSVFYSGGAYYNWSLRNRVTMSADTSKNQFSLKMTSVTASDTSFYYCATSYVDNWHAGLHWFDSWGRGTLVTVSG,SVLTQPPSVSGAPGQRVSISCTGTHSNIGAGFDVHWYQQLPGTAPKLLIYANNNRPSGVPDRFSGSKSGSSASLAITGLQAEDEADYYCQSFDSILSGDLVFGGGTKLTVL
5wko_HL,QVQLVQSGAEVKKPGSSVQVSCRASGGTFGNYAINWVRQAPGQGLEWMGGISPIFGPPKYAQKFQGRVTISADISSSTAYMDLSSLSSDDTAVYYCARKLEPPYYFYSYMDVWGKGTTVTVSS,EIVLTQSPGTLSLSPGERATLSCRASQSVSSSYLAWYQQKPGQAPRLLIYGASSRATGIPDRFSGSGSGTDFTLTITRLEPEDFAVYYCQQYVSTPLTFGGGTKVEIK
5xhv_HL,EVQLVESGGGLVQPGGSLRLSCAASGFTIGDFGIHWVRQAPGKGLEWVAGIWPFGGYTYYADSVKGRFTISADTSKNTAYLQMNSLRAEDTAVYYCARFVNWDGDYMDYWGQGTLVTVSS,DIQMTQSPSSLSASVGDRVTITCRASQDVGFYVAWYQQKPGKAPKLLISWSSYLYSGVPSRFSGSGSGTDFTLTISSLQPEDFATYYCQQYYNYPLTFGQGTKVEIK
5xku_HL,QVQLQESGPGLVKPSETLSLTCTVSGGSISSGGYYWSWIRQHPGKGLEWIGYIYYSGSTDYNPSLKSRVTISVDTSKNQFSLKLSSVTAADTAVYYCAGGSTGDRHYYYYGMDVWGQGTTVTVSS,DIQMTQSPSSLSASVGDRVTITCRASQSISSYLNWYQQKPGKAPKLLIYAASSLQSGVPSRFSGSGSGTDFTLTISSLQPEDFATYYCQQSYSTPPAFGQGTKVEIK
5y2l_HL,QVQLVESGGGVVQPGTSLRLSCEASGFTSSAYAMHWVRQAPGKGLEWVAVITFDGGYQYYADSVKGRFTISRDISRNTLHLHMNSLRAEDTAVYYCARDPLTKLLPFDWVSGGYFDYWGQGTLVTVSS,DIVMTQSPGTLSLSPGERATLSCRASQSVSSSYLAWYQQKPGQAPRLLIYRASSRATGIPDRFSGSGSGTDFTLTISRLEPEDFAVYYCQQYGSSFTFGQGTKVEIK
6a0z_HL,QVQLQQSGAELMKPGASVKISCKATGYTFSGHWIEWVKQRPGHGLEWIGEILPGSGNIHYNEKFKGKATFAADTSSNTAYMQLSSLTSEDSAVYYCARLGTTAVERDWYFDVWGAGTTVTVSL,DIVMTQSQKFMSASVGDRVSVTCKASQNVGTHLAWYQQKPGQSPKALIYSASYRYSGVPDRFTGSGSGTDFTLTISNVQSGDLADYFCQQYNNFPLTFGAGTKLEIK
6a4k_HL,QVQLQESGPGLVKPSETLSLTCTVSGGSVNTGSYYWSWIRQPPGKGLEWIAYSSVSGTSNYNPSLKSRVTLTVDTSKNQFSLSVRSVTAADTAVYFCARLNYDILTGYYFFDFWGQGTLVIVSS,QVELTQSPSASASLGTSVKLTCTLSSGHSTYAIAWHQQRPGKGPRYLMNLSSGGRHTRGDGIPDRFSGSSSGADRYLIISSLQSEDEADYYCQTWDAGMVFGGGTKLTVL
6a67_HL,QVQLQESGPGLVKPSQTLSLTCTVSGGSISSGTYYWSWIRHHPGKGLEWIGYIYHSGSAYYNPSLESRVTMSVDTSKNQFSLKLSSVTAADTAIYYCARAENLLSPYLAEGFDPWGQGTLVTVSS,QSVLTQPPSASGTPGQRVTISCSGSTSNIGSNAVNWYQQLPGTAPKLLIYSNNQRPSGVPDRFSGSKSGTSASLAISGLQSEDEADYYCAAWDDSLSGSWVFGGGTKLTVL
6b3m_HL,EVQLVQSGAEVKKPGSSVKVSCRASGGIFRSNAISWVRQAPGQGLEWMGNIIAVFGTANYAQKFQGRVTITADESTSTAYMELSSLRSEDTAVYYCARGPYYYGNSHDFWGQGTMVTVSS,QIVLTQSPGTLSLSPGERATLSCRASQSVSSNYLAWFQQKPGQAPRLLIYGASNRATGIPDRFSGSGSGTDFTLAISRLEPEDFAVYYCQQYGTSPRTFGQGTKVEIK
6e3h_HL,QAQLVQSATEVKKPGASVKVSCQASGFTFTSYGFSWVRQAPGQGLEWMGWISAYDAKTKFAEKFQDRVTMSIDTRTTTAYMEMRNLRFDDTAIYFCAREFRTQIVLGYFDWLEGNAFDMWGQGTTVIVSS,DVVLTQTPLSSPVTRGQAASISCRSSQSLVHSDGNTYLSWIHQRPGQPPRLLIYKISKRFSGVPDRISGSGAGTEFTLTISRVEADDVGMYYCTQASQFPRTFGQGTKLEIK
6e4x_HL,QVQLQESGPGLVKPSETLSLTCTVSGGSVSSNIYYWSWIRQTPGKGLEWLGYFYHSGSSNYNPSLKSRVTISGDMSKNQFSLKLKSVTAADTAIYYCARGGVENLMLVAVIQEMWYFDLWGRGTLVTVSG,DIQMTQTPSSLSASVGDRVTITCRASQSIGASLNWYQQKPGEAPKFLIYAASNLQSGVPSRFSGSGSGTDFTLTISSLQPEDFATYYCQQQGTFGQGTKLEIK
6e56_HL,EVQLLESGGGLVQPGGSLRLSCAASGFTFNHYAMTWVRQAPGKGLEWVASSSGSGRSTYYTDSVKGRFSVSRDNSKNTLYLQMNSLRAEDTAVYYCAKSSNYYGSGSYSPDDYYHMDVWGQGTTVTVSG,EIVMTQSPDTLSVSPGERATLSCRASESISSNLAWYQQKPGQVPRLLIYGASTRATGVPARFTGSGSGTEFTLTISSLQSEDFAVYYCQQYNNRLPYTFGQGTKLEIK
6hjp_HL,EVQLLESGGGLVQPGGSLRLSCAASGFTFSSYGMAWVRQAPGKGLEWVSFISATGLSTYFADSVKGRFTISRDTTKNTLYLQMNSLRADDTAVYFCARMRRTMIAFGGNDFWGQGTLVTVSS,EVVMTQSPATLSVSPGEGATLSCRASQSVNTNVAWYQQKPGQAPRLLIYGASTRATGIPARFSGSGSGTEFTLTISTLQSEDFAVYYCQQYSNWPPITFGQGTRLEIK
6ii4_HL,EVQLLESGGGVVQPGRSLRLSCAASGFTFSSYAIHWVRQAPGKGLEWVALISYDGSNKYYADSVKGRFTISRDNSKNTLYLQMNSLRAEDTAVYYCNGHGSGGEVGSNWFDPWGQGTLVTVSS,NFMLTQPHSVSESPGKTVTISCTRSSGSIASNYVQWYQQRPGSSPTTVIYEYNQRPSGVPDRFSGSIDSSSNSASLTISGLKTEDEADYYCQSYDSANRVFGGGTKLTVL
6ii8_HL,EVQLVESGGGLVQPGGSLRLSCAASGFTFSSYAMSWVRQAPGKGLEWVSAISGSGGSTYYADSVKGRFTISRDNSKNTLYLQMNSLRAEDTAVYYCAKDRLLWFGELLFEGFDYWGQGTLVTVSS,NFMLTQPHSVSESPGKTVTISCTRSSGSIASNYVQWYQQRPGSSPTTVIYEDNQRPSGVPDRFSGSIDSSSNSASLTISGLKTEDEADYYCQSYDSSNVVFGGGTKLTVL
6ii9_HL,LQLQEWGAGLLKPSETLSLTCAVYGGSFSGYYWSWIRQPPGKGLEWIGEINHSGGTNYNPSLKSRVTISVDTSNNQFSLKLSSVTAADTAVYYCARGVWEGSGSDNFDYWGQGTLVTVSS,ALTQPPSVSGAPGQRVTISCTGSSSNIGAGFDVHWYQQLPGTAPKLLIYGNSFRPSGVPDRFSGSKSGTSASLAIAGLQAEDEADYYCQSYDSSLSGVVFGGGTKLTVL
6iut_HL,QVQLQESGPGLVKPSETLSLTCTVSGGSINSYYWSWIRQPPGKGLEWIGYLFDSGSTKYNPSLTSRVTISVDTSKNQFSLKLSSVTAADTAVYYCARGFWGLDGFDIWGQGTTVTVSS,QAVLTQPASVSGSPGQSITISCTGTSSDVGDYNYVSWYQQHPGKAPTLMIYDVNKRPSGDSNRFSGSKSGNTASLTISGLQAEDEADYYCSSYTSSNTWVFGGGTKLEIK
6iuv_HL,QVQLVQSGAEVKETGESLNISCKVSGNNFPSYYISWVRQMPGNGLEWMGRIDPSDSDTNYRPSFQGHVTISADKSTSTAYLQWRSLKASDTAMYYCARRATYYYGSGSYFDAFDIWGQGTMVTVSS,EIVMTQSPLTLPVTPGAPASISCRSSQSLLHSDGYNYLDWYLQKPGQSPQLLIYLGSHRASGVPDRFSGSGSGTDFTLKISRVEAEDVGVYYCMQALQTPDFGQGTRLEIK
6mlm_HL,QVQLVQSGAEVKKPGASVKVSCKASGYTLTRYYFHWVRQAPGQGFEWMGIINPNGGGTSYAQKFGDRVIMTSDMSTSTIYMELSSLRSEDTAVYYCARDMPYYHDSGGPLFDLWGQGTLVTVSS,EIVMTQSPSSLSASVGDRVTITCRPSQSISTFLNWYEQKPGKAPKLLIYDASSLQSGVPSRFSGSGSGTEFTLTISSLQPEDFATYYCQQSFSTPYTFGQGTRLEIK
6n5b_HL,EVQLQESGEGLVKPGGSLKLSCAASGFTFSNYDMSWVRQTPEKRLEWVAYISSGGDYIYYADTVKGRFTISRDNARNTLYLQMSSLKSEDTAMYYCTRNYYYGSLPVWFAYWGQGTLVTVSG,QAVVTQESALTTSPGETVTLTCRSSTGAVTTSNYANWVQEKPDHLFTGLIGGTNNRAPGVPARFSGSLIGDKAALTITGAQTEDEAIYFCALWYSNHSWVFGGGTKLTVL
6n5d_HL,EVKLVESGEGLVKPGGSLKLSCAASGFTFSSYDMSWVRQTPEKRLEWVAYISSGGDYIYYADTVKGRFTISRDNARNTLYLQMSSLKSEDTAMYYCTRVGEYDAWFAYWDQGTLVTVSG,QAVVTQESALTTSPGETVTLTCRSSTGAVTTSNYANWVQEKPDHLFAGLIGGTKNRAPGVPARFSGSLIGDKAALTITGAQTEDEAIYFCALWYSNHWVFGGGTKLTVL
6n5e_HL,DVKLVESGEGLVKPGGSLKLSCAASGFTFSGYDMSWVRQTPEKRLEWVAYISSGGDYIYYADTVKGRFTISRDNARNTLYLQMSSLKSEDTAMYYCTRDSDYYGSRVWFAYWGQGTLVTVSG,QAVVTQESALTTSPGETVTLTCRSSTGAVTTSNYANWVQEKPDHLFTGLIGGTNNRAPGVPARFSGSLIGDKAALTITGAQTEDEAIYFCALWFSNHWVFGGGTKLTVL
6nz7_HL,QVQLVESGGGVVQPGRSLRLSCAASGFSFSTSVIHWVRQTPGKGLEWLAVISYDGSNKYYADSVQGRFTISRDNSNNTLYLQVNSLRPEDTAVYYCARGITVFGLLIINSAMDVWGQGTTVTVSS,DIQMTQSPSSLSASVGDRVTITCRASQGISYNLAWYQQKPGRVPNLLIHAASRLQSGAPFRFSGSGSGTDFTLTISSLQPEDVATYYCQKYDSVPLTFGQGTKVEIK
6ocb_HL,QVQLEESGPGLVKPSETLSLTCSVSGVSVTSDIYYWTWIRQPPGKGLEWIGYIFYNGDTNYNPSLKSRVTMSIDTSKNEFSLRLTSVTAADTAVYFCARGTEDLGYCSSGSCPNHWGQGTLVTVSS,DIVMTQSPSSLSASIGDRVTITCRPSQNIRSFLNWFQHKPGKAPKLLIYAASNLQSGVPSRFSGSGSGTEFTLTIRSLQPEDFATYYCQQSYNTPPTFGQGTKVEIK
6p3r_HL,EVQLVQSGGGLVQPGGSLRLSCEASRFTSSSYWITWVRQAPGKGLEWVANIKQDGSEKYFVDSVKGRFTISRDNASNSLYLQMSSLRAEDTAVYYCARGFLERLLLGRQGAYYYGMDVWGQGTTVTVSS,DIVMTQSPFSLSASVGDRVTMTCRASQSISSSLNWYQQKPGKAPKLLIYAASNLQSGVPSRFSGSGSGTDFTLTISSLQPEDFATYYCQQSYTMPPELTFGGGTKVEIK
6p3s_HL,VQLVESGGGLVQPGGSLRLSCAASGFTFSTYWMTWVRQAPGKGLEWVANINQDGGEKYFVDSVKGRFTISRDNAKNSLFLQMNTLRAEDTAVYYCARGFLERLLLGRQGAYYYGMDVWGQGTTVTVSS,DIQMTQSPSSLSASVGDRVSMTCRASQIISSSLNWYQQKPGKAPKLLIYAASNLQSGVPSRFSGSGSGTDFTLTISSLQPEDFATYYCQQSYSTPPELTFGGGTKVEIK
6pdx_HL,QVQLQESGPGLVKPSETLSLTCAVSGASISSFYWSWIRQSPGKGLEWIAYIYYSGKTQYNPAVTGRATISLQNWNNHVALRVNSVTAADTAIYSCARHTLAYHYDDEGYMQPGDAFDLWGQGTMVTVSS,SVLTQPPSVSAPAGQMVTIPCSGSSSDIGKSFVSWYQQLPGTAPKLVIYDNNKRPSGIPDRFSGSKSGTSATLGITGLQTGDEAVYYCGTWDSSLIWVFGGGTKLTVL
6q0e_HL,QVQLQESGPGLVKPSGTLSLTCAVSGGSISSSNWWSWVRQPPGKGLEWIGEIYHSGSTNYNPSLKSRVTISVDKSKNQFSLKLSSVTAADTAVYYCARAPPYCSSTSCPDDYYYYYMDVWGKGTTVTVSG,QSELTQDPAVSVALGQTVRITCQGDSLRSYYASWYQQKPGQAPVLVIYGKNNRPSGIPDRFSGSSSGNTASLTITGAQAEDEADYYCNSRDSSGNHPVVFGGGTKLTVL
6q0o_HL,QVQLQESGPGLVKPSGTLSLTCAVSGGSISSSQWWSWVRQPPGKGLEWIGEISHGVYTNYNPSLKSRVTISADKSQNQFSLNLSSVTAADTAVYYCARAPPYCSSASCPDDYYYFFLDVWGKGTTVTVSG,SELTQDPAVSVALGQTVRITCQGDSLRGYYASWHQQKPGQAPVLVIYGKNNRPSGIPDRFSGSRSGNTASLTITGAQAEDEADYYCASRDSSGNHPVVFGGGTKLTVL
6q18_HL,QVQLQESGPGLVKPSGTLSLTCAISGGSISSSNWWTWVRQPPGKGLQWIGEIQHGGGTNYNPSLKSRATIFVDVSKNHFSLRLSSVTAADTAVYYCAKVPPYCTSASCPDDYYYHYMDVWGKGTTVTVSG,QSELTQDPAVSVALGQTVRITCQGDSLRGYSASWYQLKPGQAPVLVIYGKNNRPSGIPDRFSGSTSGNRASLIITGTQAEDEADYYCNSRDTNGYRPVLFGGGTKLTVL
6uig_HL,QVQLVESGPGLVKPSQTLSLTCTVSGGSINSSHSFWSWIRQPAGKGLEWIGRIYSTGNSNYNPSLKSRVTISLDTSKNQFSLKLSSVTAADTAVYYCARESLWNPDYYYYMDVWGKGTLVTVSS,DIVMTQSPSSLSASVGDRVTITCRASQSFSSHLNWYQQKPGRAPDLLIYAASSLHSGVPSRFSGSGSGTDFTLTISSLQPEDFAVYYCQQSYSVPYTFGQGTKLQIK
6urm_HL,QVTLRESGPALVKPTQTLTLTCTFSGFSLSTSGMCLTWIRRPPGKALEWLALIDWDDNKYYNTSLRTRLTISKDTSKNQVVLKVTDMDPVDTGTYYCARMLYGDLGGRFDPWGQGTLVTVSS,SYELTQPLSVSVALGQTARITCGGNNIGIKNVHWYQQRPGQAPVLVIYTDINRPSGIPERFSGSNSGNTATLIISKAQAGDEADYFCQVWDSNTVVFGGGTKLTVL
6wez_HL,QVQLLESGGGVVQPGRSLRLSCAASGFTFSNYGMHWVRQAPGKGLEWVAIISFDGSKKYYANSVKGRSTISRDNSKNTLSLQMNSLGPEDTALYYCAKLPSPYYFDSRFVWVAASAFHFWGQGILVTVSS,DIMLTQPPSASGTPGQRVTISCSGSSSNIGGNTVHWFQQLPGTAPKLLIYTNSLRPSGVPDRFSGSKSGTSASLAISGLQSEDEADYYCAAWDNSLNGQVFGGGTKLTVL
6whk_HL,EVQLVESGGGLVQPGRSLRLSCTASGFTFGDYGMSWFRQAPGKGLEWVGFIRSKVYGGTTEYAASVKGRFIISRDDSKSIAYLQMNSLKTEDTAVYYCTRDWVRDIILLPALHLDYWGQGTLVTVSG,QSVLTQPPSVSAAPGQKVTISCSGSSSNIGNNYVSWFQQLPGTAPKLLIYDDDKRPSGIPDRFSGSKSGTSATLGITGLQTGDEADYYCGTWDSRLSAGVVFGGGTKLTVL
6wiz_HL,QVQLQQSGPRLVKPSQTLSLTCAISGDSVSSSSAVWTWIRQSPSRGLEWLGRTYYRSKWYDDYAVSVQGRITINPDTSKNQISLQLNSVTPDDTAVYYCARSSINIFGVFVMAMDVWGQGTAVTVSS,EIVLTQSPGTLSLSPGERVTLSCRASQTVYNSYLAWYQQKPGQAPTLLIYGTSTRATGVPDRFSGSGSGTVFTLTISRLEPEDFAVYFCQQYSTSPRALTFGGGTKVEIK
6wj1_HL,QVQLQQSGPGLVKPSQTLSLTCAISGDSVSSNSVAWNWIRQSPSRGLEWLGRTYFRSKWYTDYAESLKSRMTINPDTSKNEFSLHLKSVTSDDTAVYYCVRGIIFNWPLGGWSFDLWGRGTLVSVSS,EIVLTQSPGTLSLSPGDSATLSCRASQSVASSYLAWYQQKPGQSPRLLIYATINRAADIPDRFSGSGSGTDFALTISRLEPEDFAVYYCQQFDSSSMYTFGQGTKLEIT
6wxl_HL,QLVQSGAEVKKPGASVKVSCKASGYTFTGYYLHWVRQAPGQGLEWMGRINPDTGGTNYAQKFQGRVSMTRDMSISTHYMELSRLTSDDTAVYYCATKRGAVTAMVYYYFYGMDVWGQGTTVTVSS,DIVMTQSPLSLSVTPGEPASISCRSSHSLLHLNGYNYLDWYLQKPGQSPQLLIYLGSNRASGVPDRFSGSGSGTDFTLKISRVEAEDVGIYYCMQALRTPPGLTFGGGTKVDIK
6wzt_HL,QVQLQESGPGLVKPSETLSLTCAVSGGTFSAYYWGWIRQPPGKGLEWIGSISGGSGSTDYSPSLKSRATISRDTSKNQFSLKLTSVTAADTAVYYCVRKYWGDYYANWFDVWGPGVLVTVSS,DIQMTQSPSSLSASVGDTVTITCRASQSISSWLAWYQQKPGKAPKLLIYKASSLQGGVPSRFSGSGSGSDFTLTISSLQSEDFATYYCQQYSGRPPTFGQGTKVEIK
6xgc_HL,EVQLVESGGGLAKPGGSLRLSCAASGFTFSTYAMHWVRQAPGKGLEWISGINSGGGSTWYTASVKGRFTISRDNSKSTLSLQMNSLRTEDTAVYYCAKDGGNAIFGLVITNYGLDSWGQGAVVTVSS,QSVLTQPPSASGAPGQSVTISCSGSSSNFGSNHVYWYQQLSGKAPKLLIYNNNRRPSGVPDRFSGSKSGTSASLAISGLQSEDEADYYCSVWDSSLNNVLFGGGTRLTVL
6xpq_HL,QVQLQESGPGLVKPSESLSLTCSVSGGSVSSNLHYWSWIRQLPGKGLEWIGYISYTGSTKYNPSLNGRVTLSIDASKNQFSLELSSVTAADTAVYYCARDFFEKLIADDLNAFDIWGQGTMVTVSG,DIRVTQSPSSLSASVGDRVTITCRASQSISRSLNWYQQRPGKAPKFLIYAASNLQSGVPSRFSGGGSGTDFTLTISSLQPEDFATYYCQETYSRTFGQGTKADIK
6xpr_HL,QVQLVQSGGGLVRPGGSLRLSCAASGFTFSSAWMTWVRQAPGKGLEWVANIKEDGSEKYYVDSVKGRFSISRDNAKNSLYLQISSLRAEDTAVYYCARRFVERLWGQSKPYDAVDIWGQGTMVTVSG,DIQMTQSPSSLSASVGDRVTITCRASQSISNYLNWYQQKPGKAPKLLIYVASNLQSGVPSRFSGSGSGTDFALTISSLQPEDFASYYCQQSYSPVTTFGGGTKVEIK
6xpx_HL,QVQLVESGGGVVQPGRSLRLSCVASGFTFRDSVMHWVRQAPGKGLEWVAVTSFDGGESYSADSVKGRFTISRDNSKSTLSLQMNILRPEDTGVYYCARDRGGLDVWGQGTTVTVSG,DIVMTQSPESLAVSLGERATINCKSSQSVSFGSSDKNYLGWYQQKPGQPPKLLINWASTRESGVSDRFRGTGSGTDFTLTISSLQAEDAAVYYCHQYYTPPYSFGQGTKLEIK
6xpy_HL,QVQLQESGPGLVKPSETLSLTCTVSGGSLSIYYWSWVRQSPGKGLEWIGYISNSGSPTYHPSLKSRVTISLDTSKSQFSLKLTSVTAADTALYFCARGVLEQLAPDFDSYYYGMNVWGQGTTVTVSG,DIQMTQSPSSVSASLGDRVTLTCRASQPIRSYLNWYQHKPGLAPKLLVYAVSNLQSGVPSRFSGSGSGTDFTLTVSSLQPEDFATYYCQQSYSTPYTFGQGTRLEIK
6xpz_HL,QVQLVESGGGVVQPGRSVRLTCAGSGFSFSNFGMNWVRQAPGKGLEWLAIISYDGSKKWYADSVKGRFTISRDDAKNTLFLQMNSLTAEDTAVYYCSKDRGDVWSGYYRGGDYHYYFGMDVWGQGTTVTVSG,DIQMTQSPSSLSTSVGDRVTITCQASQDISNFLNWYQQKPGKAPELLIYDASYLQGGVPSRFSGSGSGTDFSFTISSLQPEDIATYYCQQYNSLPITFGQGTRLEIK
6xq0_HL,EVQLVESGGGLVRPGGSLTLTCAGSGFMFRSYDMHWVRQAAGKGLEWVAGMGKGGETFYAGSVKGRFTISRENARNSLYLQMHSLRAGDTAVYYCARALTEWLFQRGTRNHYYYGMDVWGQGTTITVSG,EIVLTQSPGTLSLSPGERATLSCRASQIIDNKYLAWYQQKPGQAPRLLIYGASNRATGIPDRFSGSGSGTEFTLIISRLEPEDLAVYYCQQFGSSVYTFGQGTRLEIK
6xq2_HL,EVQLVESGGGLVQPGGSLRLSCEASGFTFSNYEMNWVRQAPGKGLEWLSYIRSSGTVTSYADSVKGRFTISRDNAKNSLYLQMNSLRAEDTAVYYCARDLVYTGSYYGMDVWGQGTRVTVSG,AIQLTQSPSSLSASVGDRVTITCRTSQGISTPLAWYQHKPGKSPKLLIHDAFSLESGVPSRFSGSGSGTDFSLTISSVQPEDFATYYCQQFYDYPITFGQGTRLEIR
6xq4_HL,EVQLVESGGGLVQPGGSLRLSCAASGFTVSRNYMSWVRQAPGKGLEWVSIIYSGDDTYYADSVKGRFTISRDNSKNTLYLEMNSLRAEDTAVYYCARGEMGDGYYWAPFDYWGQGTLVTVSG,DIVMTQSPDSLAVSLGERATINCKSSQSLLYSSRNKNYLAWYQQKPGQPPKLLIYWASTRESGVPDRLSGSGSGTDFTLTISSLQAEDVAVYYCQQYYSIPLTFGGGTKVEIK
6xsk_HL,QVQLQESGPGLVKPSEILSLTCAVSGGSFSSYCWGWIRQPPGKGLEWIGSICGSGGSNYLNPSLKSRVTLSVDTSKNQFSLILNSVTAADTAVYYCAREGITIFGVVIPRVLDSWGQGAVVTVSS,DIQMTQSPSSLSASVGDTVTITCRASQSISSWLAWYQQKPGKAPNLLIYRASTLQSGVPSRFSGSGSGTDFTLTISSLQSEDFATYFCQQSTSSPFTFGPGTKLDIK
7dkj_HL,EVKLVESGGGLVQPGGSLRLSCGTSGFTLTDDYMTWVRQPPGKALEWLGFIRDRANGYTTEYSASVKGRFTISRDNSQSIVYLQMNTLRVEDSATYYCARPKGYFPYAMDYWGQGTSVIVCS,DIQMTQSPASLSVSVGETVTITCRASENIYSNLAWYQQKQGKSPQLLVYAATNLADGVPSRFSGSGSGTQYSLKINSLQSEDFGSYYCQHFWGTPWTFGGGTKLEIK
7jix_HL,EVQLQESGPELVKPGASVKISCKASGYAFSRSWMNWVKQRPGKGLEWIGRIYPGDGDTNYNGKFKGKATLTADKSSSTAYMQLSSLTSEDSAVYFCARGSNSFAYWGQGTLVTVSG,DIVLTQSPASLAVSLGQRATISCKASQSVDFDGDSYMNWYQQKPGQPPKLLIYTTSNLESGIPARFSGSGSGTDFTLNIHPVEEEDAATYYCQQSSEDPYTFGGGTKLEIK
7k37_HL,QVQLVQSGAEVKKPGASVTVSCQVSGYTLTSYGLSWVRQAPGQGLEWVGWINTYDGQTKYVKKFQGRVTMTTHTGTNTAYMEMKSLRSDDTAVYYCARVEGVRGVMGFHYYPMDVWGQGTMVTVSS,SVLTQPPSVSGAPGQRVTISCTGSSAVHWYQQLPGTAPKLLISGNSNRPSGVPDRFSGSKSGTSASLAITGLQAEDEADYYCQSSVFGGGTKLTVL
7kc1_HL,QIQLQQSGPGLVKPSQTLSLTCSISGDTVTNNYAAWDWIRQSPTRGLEWLGRTFYRSKWYKEYALSVKSRLTISPDTSKNQISLQLSSVTPEDTAVYYCARAGITIFGLITGGLDYWGQGSLVTVSS,DIVMTQSPSSLSASVGDRVTITCRTSQSLSSYTHWYQQKPGKAPKLLIYAASSRGSGVPSRFSGSGSGTDFTLTISSLQPEDFATYYCQQSRTFGQGTKVEIK
7l0l_HL,QVQLVQSGAEVKKPGSSVKVSCKTSGGIFRSNAISWVRQAPGQGLEWMGGVVAIFGTTNYAQNFQGRVTITADESSSTVYMELSRLRSEDTAVYYCARHSGYHITNTFFDYWGQGTLVTVSS,EIVLTQSPGTLSLSPGDRATLSCRASQSVPSSYLAWYRHKPGQAPRLLIYGASSRATGIPDRFSGSGSGTDFSLTISRVEPEDFAVYYCQQYGSSPYTFGRGTKLDIK
7mem_HL,VQLLESGGGLVQPGGSLSLSCAASGFTFSSFAMSWVRQAPVKGLEWVSMISAGGGNTYYADSVKGRFTISRDNSKSTLYLQMSSLTAEDTAVYYCAKSDSSGFQYGRREFWGQGTLVTVS,DIQMTQSPSSLSAFVGDRVTIACQASQDIRIHLNWYQQKPGKAPKLLIYDASNLEAGVPSRFSGSGSGTDFTFTISSLQPEDIATYYCQHYHNLPRTFGGGTKVEIK
7mfg_HL,QVQLVQSGAEVKKPGSSVKVSCKASGGTFSSYGISWVRQAPGQGLEWMGGIIGMFGTTNYAQKFQGRVTITADEFTSTAYMELSSLRSEDTAVYYCARGGSYYVDYFHHWGQGTLVTVSS,EIVLTQSPGTLSLFSGERATLSCRASQSVSSSSLAWYQQKHGQGPRLIMYGASSRATGIPDRFSGSGFGTDFTITISRLEPEDFAVYYCQQYGSSSGTFGQGTKLEMK
7scn_HL,QVQLVQSGAEVKKPGSSVKVSCTASGGTFSTYQFSWVRQAPGQGLEWMGRIVPIQGMDYAQKFRGRVTITADKWTSTVYMEVTSLRSEDTAVYYCATSRSMYFYYQLDVWGRGTTVTVSS,EIVLTQSPGTLSLSPGERATVSCRASQSVTSTFLAWYQQRPGQAPRLLIYGASSRATGIPDRFSGSGSEADFTLTINRLEPEDFAVYYCQQYATSPWTFGQGTKVEIK
7sco_HL,QVQLVQSGAEVKKPGSSVKVSCKASGGTFSRYTISWVRQAPGQGLEWMGRISPIAGLENYAQKFQGRVTITADISTSTAYMELSSLRSDDTAVYYCAGSSGYYQPPPYWGQGTLVTVSS,IVLTQAPFSLSLSPGERATLSCRASQSVSSSSLAWYHQKPGQAPRLLIYGASSRATGIPDRFSGSGSGTDFTLTISRLEPEDFSLYYCQQYGSSPLTFGQGTRLEIK
7trh_HL,QVQLVESGGGLIQPGGSLRLSCEASAFTFSSYEMNWVRQAPGKGLEWVSYITSSGSRIYYADSVKGRFTISRDNAKNSLYLQMNSLRVEDTAVYYCARLLDSIVWGEGWYYGMDVWGQGTTVTVSG,SYELTQSPSVSVAPGRTARITCGGNDIGLKGVHWYQQKPGQAPVLVLYDNNHRPSGIPERFSGSISGDTATLTVTRVEADDGADYFCQVWDTSSGPPHVIFGGGTKLTVL
7tri_HL,EVQLQESGPGLVKPSETLSLTCTVSGGSISNYHWTWIRQPPGKGLEWIGDMYNSGSTKYNPSLKSRVTISVDRSKNQLSLKLSSVTVADTAVYYCARDDIVIGEGWYHGMDLWGQGTTVTVSG,EIVLTQSPATLSLSPGERATLSCRASQSVSTDLAWYQQKPGQAPRLLIYDAISRASGIPDRFSGSGSGTDFTLTISSLEPEDFAVYYCQHRSTWVTFGGGTKVEIK
7tz5_HL,QVQLVQSGAEVKKPGSSVKVSCKASGVTFTYYTISWVRQAPGQGLEWMGGIMPMFGTPNYAQKFQGRVTITADEPTSTIYMMLSSLRSEDTAVYYCASLGNYESGGYHPYFEYWGHGTLVTVSS,QSVLTQPPSVSGAPGQRVTISCTGSSSNIGAGYDVHWYQQLPGTAPRLLIYGNSNRPSGVPDRFSGSRSGTSASLAITGLQAEDEADYYCQSYDNSLSGSGVFGGGTKLTVL
7umm_HL,QVQLVQSGAEVKKPGASVKVSCKASGYTFTGYYIHWVRQAPGQGLEWMGWINPNTGGTVYAQTFQARVTMTRDTSISTAYMELIRLRSDDTAVYYCARERGTGAPDAFNIWGQGTLVTVSG,DIVMTQSPASLAVSLGQRATISCRASKSVSTSGYSYIHWYQQKPGQPPKLLIYLATNLESGVPARFSGSGSGTDFTLNIHPVEEEDAATYYCQHSRDTPYTFGGGTKLEIK
7umn_HL,QVQLQQSGPELVKPGASVKISCKASGYSFTDYNMNWVKQSDGKSLEWIGIINPNYGIISYNQKFKGKATLTVDQSSSTAYMQLNSLTSEDSAVYYCARWGNSPYYYYYMDVWGKGTTVTVSS,ENVLTQSPAIMSASPGEKVTMTCRATSSVSSSYLHWYQQKSGASPKLWIYGTSNLASGVPARFSGSGSGTSYSLTISTVEAEDAATYYCQQYSGYPLTFGAGTKLELK
7wvg_HL,QVQLVESGGGVVQPGRSLRLSCAASGFPFSSYGMHWVRQAPGKGLEWVAGVSYDGSYKYYADSVKGRFTISRDSSKSTLYLQMNSLRPEDTAVYYCARPSAIFGIYIILNGLDVWGQGTTVTVSS,EIVLTQSPSSVSASVGDRVTITCRATQGISSWLAWYQQKPGKPPKLLIFGASSLQSGVPSRFSGSGSGTDFTLTISSLQPEDFATYFCQQAHSFPLTFGGGTKVEIK
7x6o_HL,EVQLVESGGGLVQPGGSLRLSCAASGFTFSTYNMNWVRQAPGKGLEWLSYISTSSNTIYYADSVKGRFTISRDNAKNSLFLQMNSLRDEDTAVYYCARDRGCSSTNCYVVGYYFYGMDVWGQGTTVTVSS,DIQMTQSPSSVSASVGDRVTITCRASQGISSYLAWYQLKPGRAPKLLIYGATRLQSGVPSRFSGSGSGTDFTLTISGLQPEDFATYHCQQADSFPLTFGQGTRLEIK
7yhk_HL,QIQLVQSGPELKKPGETVRISCKASGYTFTKNGMNWVQQAPGKGLKWVGWINTYTGEPSYADDFKGRFAFSLETSASTAYLQINNLKNEDMAAYFCARMVRDAMDFWGQGTSVTVSS,DIVLTQSPASLAVSLGQRATISCKASQSVDFDGYNYLNWYQQKPGQPPKLLIYAASNLESGIPARFSGSGSGTDFTLNIHPVEEEDAATYFCQQSNEDPYTFGGGTKLEIK
8ct6_HL,QVQLQQSGAELMKPGASVKISCKATGYTFSSYWIEWVKQRPGHGLEWIGEILPGSGRTNYDERFKGKATFTADTSSNTAYMQLSSLTSEDSAVYYCARPRIYGMDYWGQGTSVTVSS,QIVLTQSPASLAVSLGQRATISCKASQSVDFDGDTYMSWYQQKPGQPPKLLIYAASKLESGIPARFSGSGSGTDFTLNIHPVEEEDAATYFCQQSNEDPWTFGGGTKLEIK
8d21_HL,EVQLLESGGGLVRPGGSLRLSCKASGFSFSRHGLSWVRQAPGKGLEWVSSISGSSLSRYYADSVKGRFTISRDNSQNTLYLQMNSLRVEDTAVFYCVKDRLDTAVPRGWFDSWGQGILVTVSS,EIVMTQSPATLSVSPGDRATLSCRASQSVSTELAWYQQKPGQAPRLLIYGASTRATDIPARFSGSGSGTEFTLTISSLQSEDFAVYFCQQYNNWPPITFGQGTRLEIK
8euq_HL,QVQLKESGPGLVAPSQSLSITCTVSGFSLTSYGVHWVRQPPGKGLEWLGVIWAGGSINYNSALMSRLSISKDNFKSQVFLKMSSLQTDDTAMYYCARAYGDYVHYAMDYWGQGTSVTASS,DIQMTQSPSSLSASLGQRVSLTCRASQEISGYLTWLQQKPDGTIKRLVYAASTLDSGVPKRFSGSRSGSDYSLTISSLESEDFADYYCLQYTNYPLTFGAGTKLELK
8g5a_HL,QVQLQQSGAELMQPGASVKLSCKATGYTFAGYWIEWVKQRPGHGLEWIGEILPGIGSTNYNGKFKGKATFTADSSSNTAYMELSSLTTEDSAIYYCARSGAQATFAMDYWGQGTSVTVSG,DVQMTQSPSYLAASPGETITINCRASKSISKFLAWYQEKPGKTNKLLIYSGSTLQSGIPSRFSGSGSGTDFTLTISSLEPEDFAMYYCQQHNEYPYTFGAGTKLELK
8ghk_HL,EVQLVESGGGLVQPKGSLKLSCATSGFTFNTFDMHWVRQAPGKDLEWVARIRTKGNSYATYYAASVKDRITISRDDSQSMLYLEMNSLRSEDTAMYYCVREGGHYYGYYFDFWGQGTTLTVSS,EIQMTQTTSSLSASLGDRVTISCRASQDIYNYLNWYQQQPDGAVKLLIYYTSKLHSGVPSRFSGSGSGTDYSLTITNLEQEDIATYFCQQGYTLPYTFGGGTKLEIK
8t1g_HL,QVQLQESGPGLVKPSETLSLTCTVSGASVSSYFWSWIRQPAGKALEWIGRIYTSGNTKSNPSLESRVTMSLDASKDQFSLKLTSVTAADTAVYYCAAGRLDYSDTTGYYKPPPLDYWGQGALVTVSS,DVVMTQSPLSLPVTLGQPASISCRSSQGLAFLDGNTYLSWFQQRPGQSPRRLIYKVSNRDSGVPDRFSGSGSRTDFTLKISRVEAEDVGVYYCMQGTHWPLTFGGGTKVEIK
8tnl_HL,QVQLQESGPGLVKPSETLSLTCSVSGGSINSYYWTWIRQPPGKGLEWVGYIYHSGSTSYNPSLKSRITISVAPSKNHFSLELTSMTAADTAVYYCARLGGHGDYGSDYWGQGTLVTVSS,DIVMTQSPVSLPVTPGEPASISCNSSQSLLHSNGYAHLDWYLQKPGQSPKLMIYLGLNRAFGVPDRFSGSGSGTDFTLKISRVEAEDVGVYYCMQALQTPFTFGPGTRVDIK
8toa_HL,QVQLQGSGPGLLRPSETLSLTCSVSGVSINSYYWSWVRQPPGKALEWIGYIYYSGNTNYNPSLESRVTISVDRSKNQFSLKMTSVTAADTARYFCARQGIFGDYGSDYWGPGTLVTVSS,DIVMTQSPLSLPVTPGEPASISCRSNQSLQHSNGYVHLDWYRQKPGQSPHLLIYLGFNRASGVPDRFSGGGSGTDFTLKISRVEAEDVGVYYCMQGLQTPFTFGPGTTVDL
8tp3_HL,QVQLQESGPGLVKPSATLSLTCTLSGGSLSTHYWSWIRQPPGKGLEYIGNIHYSGSTNYNPSLRSRVTISVGTSKNQFSLKLTSVTAADTAVYYCARDAPYSDFLSGVETGWFDPWGQGTLVIVSS,EIVMTQSPATLSVSPGERATLSCRASQSVSSNLAWYQQKPGQAPRLLIYGASTRATGIPARFSGSGSGTDFTLTISSLQSEDFAVYSCQQYNNWPWTFGQGTKVEIK
8tp5_HL,QVQLVQSGAQLRKPGSSVTVSCKASGDTFNSYSIHWVRQAPGQGLEWMGRIIPVFGMTHYAQRFRGRITVSADKSTRTAYMELTSLTSADTAMYYCARDGGDKFHSSGHFETNQGYFDHWGQGALVTVSS,QSVLTQPPSVSGAPGQRVTVSCTGSSSNLGATYEVHWYQQFPGTAPKLLIYGSTNRPSGVPERFSGSKSGTSASLTITGLQAEDEADYYCQSYDTSLRGFYVFGTGTKVTVL
8tp6_HL,QVQLQESGPGLVKPSQTLSLTCTVSGGSISSGNYYWSWIRQPAGEELECLGRIYTTGSTNYSPSLKSRVTISLETSKNQFSLRLNSVTAADTAVYYCARGMDFGPTDAFDIWGQGTMVTVSS,DIQMTQSPSSLSASVGDRVTITCRASQSVSSYLNWYQQRSGKAPRLLIYTVTNFQSGVPSRFSGSGSGTDFTLTISSLQPEDFATYYCQESYTSRLTFGGGTKVEIK
8tp7_HL,QVQLQESGPGLVKTSETLSLTCAVSGGSISGSRYYWAWIRQPPGKGLEWIGNLYYSGTNFYNPSLEGRVTISVDTSKNQVSLKLSSVTAADTAVYFCARHVYYSDTNSYTYFFDYWGQGTLVTVSS,ALTQPASVSGSPGQSITISCTGTSSDIGGYNYVSWYQNHPGKAPKLIIYDVSHRPSGVSNRFSGSKSGNTASLSISGLQAEDEADYYCCSFTDNNIPAFGGGTKLTVL
8tpa_HL,QVQLRESGPGLVKPSQTLSLTCTVSGDSISNGGLYWNWIRQRPGRGLEWIGYIYYNGVTTYNPSLRSRIAISLETAKNQLSLRLSSVSAADTAIYYCAREGWVPDYGGRNYYLDFWGQGTLVTVSS,DIQMTQSPSSLSASVGDRVTITCRASHNIQNFLNWYQQKPGKAPKLLIYAASTLQSGVPSRFSGSGSRTDFTLTISSLQPEDFAAYYCQQSYGLPRTFGQGTRLEIK
8txp_HL,QVQLVQSGAEVKKPGSSVKVSCEASGVTFSSYAVSWVRQAPGQGLEWMGGIIPIVGTANYAQKFQGRVTITADGLTSTVYMELSRLRSEDTAVYFCAREATWKGSSIGVLGIWGQGTMVTVSA,DIQMTQSPSSLSASVGDRVTITCRASQSISDYLNWYQQKPGKAPSLLIFSASTLQSGVPSRFSGSGSGTDFTLTISSLQPEDFATYYCQQNYNTPRTFGQGTKVEIK
8txt_HL,QVQLVQSGTEVKKPGSSVKVSCKASGVTFSSYAMSWVRQAPGQGLEWMGGFIPILGTANYAQKFQGRLTITADGLTGTVYMELSRLRSEDTAVYYCAREVTWKGASIGVLGIWGQGTMVSVSA,DIQMTQSPSSLSASVGDRVIITCRANQSIGGYLNWYQQKPGKAPNLLIFTASTLQSGVPSRFSGGGSGTDFTLTISSLQPEDFATYYCQQNYNTPRTFGQGTKVDIK
8ty7_HL,EVQLVQSGAEVKKPGSSVRVSCKASGGTFSAISWVRQAPGQGLEWMGGIIPVFGTANYAQKFQGRVTITADDSTSTAYMEVSSLRSDDTAVYYCAREETWKGATIGVMGIWGQGTMVTVSS,DIQMTQSPSSLSASVGDRVTITCRASQSISSYLNWYQHKPGKAPKLLIFTASNLQSGVPSRFSGGGSGTDFTLTISSLQPEDFATYYCQQSYTSPRTFGQGTKVEIK
8ut3_HL,QVQLVQSGAEVKKPGASVKVSCKASGYTFTSYGISWVRQAPGQGLEWMGWISAYNGNTNYAQKLQGRVTMTTDTSTSTAYMELRSLRSDDTAVYYCARGLLQGVVILDSYYYTMDVWGQGTTVTVSS,QIVLTQSPGTLSLSPGERATLSCRASQSVSSSYLAWYQQKPGQAPRLLIYGASSRATGIPDRFSGSGSGTDFTLTISRLEPEDFAVYYCQQYGSSPRWTFGQGTKLEIK
8ut4_HL,QVQLVQSAPEVKRPGASVRLSCKASGYTFNTYGIIWVRQAPGQGLEWMGWISAYTGNTNYAQKVQGRVTMTTDITTSTAYLELRGLRSDDTAVYYCARGLLQGAVILDSYHYALDFWGQGTTVTVSS,IVLTQSPGTLSLSPGERATLSCRASQSVTNRFIAWYQHKPGQSPRLLIYGASSRATGIPDRFSGRGSGTDFTLTISRLEPEDFAVYYCQQYDTSPRWTFGQGTKLEIK
8v7o_HL,QVQLQESGPGLVKPSETLSLTCNVSGGSINSYYWSWIRQPPGKGLEWIGYVYHSGSTHYNPSLNSRVTISVDTSKRQFSLKLRSVTAADTAVYYCAREKSDFWTVDSFFYYMDVWGRGTTVTVSS,EIVLTQSPATLSLSPGERATLSCRASQSVATSLAWYQQKPGQPPRLLIYDASHRATAIPARFTGSGSGTDFTLTISSLEPEDFAVYYCQQRTHWPPALTFGGGTKVEIK
8vue_HL,QVQLQQSGPGLVKPSQTLSLTCGISGDSVSSDAAAWDWIRQSPSRGLEWLGRTFYRSRWHHDYSESVKNRITINADTSKNQFSLQLTSVTPEDTATYYCARAGVRVFGIIVNSLDYWGQGTLVTVSS,AIQLTQSPSSLSASVGDRVTITCRASQATSSYLAWYQQKPGKAPKLLIYAASTLQSGVPSRFSGSGSGTDFTLTITSLQPEDFATYYCQLSKTFGPGTKVEIK
,,
